{"filter":false,"title":"insulin.json","tooltip":"/files/insulin.json","undoManager":{"mark":12,"position":12,"stack":[[{"start":{"row":0,"column":0},"end":{"row":3,"column":0},"action":"remove","lines":["\"\"\"","Your module description","\"\"\"",""],"id":18}],[{"start":{"row":0,"column":0},"end":{"row":30,"column":1},"action":"insert","lines":["{","   \"molecules\":{","      \"lsInsulin\":\"malwmrllpllallalwgpdpaaa\",","      \"bInsulin\":\"fvnqhlcgshlvealylvcgergffytpkt\",","      \"aInsulin\":\"giveqcctsicslyqlenycn\",","      \"cInsulin\":\"rreaedlqvgqvelgggpgagslqplalegslqkr\"","   },","   \"weights\":{","      \"A\":89.09,","      \"C\":121.16,","      \"D\":133.10,","      \"E\":147.13,","      \"F\":165.19,","      \"G\":75.07,","      \"H\":155.16,","      \"I\":131.17,","      \"K\":146.19,","      \"L\":131.17,","      \"M\":149.21,","      \"N\":132.12,","      \"P\":115.13,","      \"Q\":146.15,","      \"R\":174.20,","      \"S\":105.09,","      \"T\":119.12,","      \"V\":117.15,","      \"W\":204.23,","      \"Y\":181.19","   },","   \"molecularWeightInsulinActual\":5807.63","}"],"id":19}],[{"start":{"row":30,"column":1},"end":{"row":31,"column":0},"action":"insert","lines":["",""],"id":20},{"start":{"row":31,"column":0},"end":{"row":32,"column":0},"action":"insert","lines":["",""]}],[{"start":{"row":32,"column":0},"end":{"row":42,"column":0},"action":"insert","lines":["import json","","def readJsonFile(fileName):","    data = \"\"","    try:","        with open(fileName) as json_file:","            data = json.load(json_file)","    except IOError:","        print(\"Could not read file\")","    return data",""],"id":21}],[{"start":{"row":0,"column":0},"end":{"row":42,"column":0},"action":"remove","lines":["{","   \"molecules\":{","      \"lsInsulin\":\"malwmrllpllallalwgpdpaaa\",","      \"bInsulin\":\"fvnqhlcgshlvealylvcgergffytpkt\",","      \"aInsulin\":\"giveqcctsicslyqlenycn\",","      \"cInsulin\":\"rreaedlqvgqvelgggpgagslqplalegslqkr\"","   },","   \"weights\":{","      \"A\":89.09,","      \"C\":121.16,","      \"D\":133.10,","      \"E\":147.13,","      \"F\":165.19,","      \"G\":75.07,","      \"H\":155.16,","      \"I\":131.17,","      \"K\":146.19,","      \"L\":131.17,","      \"M\":149.21,","      \"N\":132.12,","      \"P\":115.13,","      \"Q\":146.15,","      \"R\":174.20,","      \"S\":105.09,","      \"T\":119.12,","      \"V\":117.15,","      \"W\":204.23,","      \"Y\":181.19","   },","   \"molecularWeightInsulinActual\":5807.63","}","","import json","","def readJsonFile(fileName):","    data = \"\"","    try:","        with open(fileName) as json_file:","            data = json.load(json_file)","    except IOError:","        print(\"Could not read file\")","    return data",""],"id":22},{"start":{"row":0,"column":0},"end":{"row":22,"column":0},"action":"insert","lines":["import json","","def readJsonFile(fileName):","    data = \"\"","    with open('files/insulin.json') as json_file:","        data = json.load(json_file)","    return data","","def calc_weight(seq, weights):","    return sum([weights[aa] for aa in seq])","","def calc_insulin_weights(json_data):","    weights = json_data[\"weights\"]","    molecular_weight_insulin_actual = json_data[\"molecularWeightInsulinActual\"]","    for insulin, seq in json_data[\"molecules\"].items():","        molecular_weight = calc_weight(seq, weights)","        percent_error = abs((molecular_weight - molecular_weight_insulin_actual) / molecular_weight_insulin_actual * 100)","        print(f\"{insulin}: molecular weight: {molecular_weight:.2f}, percent error: {percent_error:.2f}%\")","","if __name__ == '__main__':","    json_data = readJsonFile(\"files/insulin.json\")","    calc_insulin_weights(json_data)",""]}],[{"start":{"row":0,"column":0},"end":{"row":21,"column":35},"action":"remove","lines":["import json","","def readJsonFile(fileName):","    data = \"\"","    with open('files/insulin.json') as json_file:","        data = json.load(json_file)","    return data","","def calc_weight(seq, weights):","    return sum([weights[aa] for aa in seq])","","def calc_insulin_weights(json_data):","    weights = json_data[\"weights\"]","    molecular_weight_insulin_actual = json_data[\"molecularWeightInsulinActual\"]","    for insulin, seq in json_data[\"molecules\"].items():","        molecular_weight = calc_weight(seq, weights)","        percent_error = abs((molecular_weight - molecular_weight_insulin_actual) / molecular_weight_insulin_actual * 100)","        print(f\"{insulin}: molecular weight: {molecular_weight:.2f}, percent error: {percent_error:.2f}%\")","","if __name__ == '__main__':","    json_data = readJsonFile(\"files/insulin.json\")","    calc_insulin_weights(json_data)"],"id":23}],[{"start":{"row":1,"column":0},"end":{"row":31,"column":1},"action":"insert","lines":["{","\"molecules\":{","\"lsInsulin\":\"malwmrllpllallalwgpdpaaa\",","\"bInsulin\":\"fvnqhlcgshlvealylvcgergffytpkt\",","\"aInsulin\":\"giveqcctsicslyqlenycn\",","\"cInsulin\":\"rreaedlqvgqvelgggpgagslqplalegslqkr\"","},","\"weights\":{","\"A\":89.09,","\"C\":121.16,","\"D\":133.10,","\"E\":147.13,","\"F\":165.19,","\"G\":75.07,","\"H\":155.16,","\"I\":131.17,","\"K\":146.19,","\"L\":131.17,","\"M\":149.21,","\"N\":132.12,","\"P\":115.13,","\"Q\":146.15,","\"R\":174.20,","\"S\":105.09,","\"T\":119.12,","\"V\":117.15,","\"W\":204.23,","\"Y\":181.19","},","\"molecularWeightInsulinActual\":5807.63","}"],"id":24}],[{"start":{"row":0,"column":0},"end":{"row":30,"column":38},"action":"remove","lines":["","{","\"molecules\":{","\"lsInsulin\":\"malwmrllpllallalwgpdpaaa\",","\"bInsulin\":\"fvnqhlcgshlvealylvcgergffytpkt\",","\"aInsulin\":\"giveqcctsicslyqlenycn\",","\"cInsulin\":\"rreaedlqvgqvelgggpgagslqplalegslqkr\"","},","\"weights\":{","\"A\":89.09,","\"C\":121.16,","\"D\":133.10,","\"E\":147.13,","\"F\":165.19,","\"G\":75.07,","\"H\":155.16,","\"I\":131.17,","\"K\":146.19,","\"L\":131.17,","\"M\":149.21,","\"N\":132.12,","\"P\":115.13,","\"Q\":146.15,","\"R\":174.20,","\"S\":105.09,","\"T\":119.12,","\"V\":117.15,","\"W\":204.23,","\"Y\":181.19","},","\"molecularWeightInsulinActual\":5807.63"],"id":25},{"start":{"row":0,"column":0},"end":{"row":19,"column":0},"action":"insert","lines":["import json","","def readJsonFile(fileName):","    with open(fileName, 'r') as json_file:","        data = json.load(json_file)","        bInsulin = data['bInsulin']","        aInsulin = data['aInsulin']","        molecularWeightInsulinActual = data['molecularWeightInsulinActual']","        roughMolecularWeightInsulin = data['roughMolecularWeightInsulin']","        percentError = data['percentError']","        ","        print(\"bInsulin: \", bInsulin)","        print(\"aInsulin: \", aInsulin)","        print(\"molecularWeightInsulinActual: \", molecularWeightInsulinActual)","        print(\"The rough molecular weight of insulin: \", roughMolecularWeightInsulin)","        print(\"Percent error: \", percentError)","        ","fileName = \"insulin_data.json\"","readJsonFile(fileName)",""]}],[{"start":{"row":0,"column":0},"end":{"row":20,"column":1},"action":"remove","lines":["import json","","def readJsonFile(fileName):","    with open(fileName, 'r') as json_file:","        data = json.load(json_file)","        bInsulin = data['bInsulin']","        aInsulin = data['aInsulin']","        molecularWeightInsulinActual = data['molecularWeightInsulinActual']","        roughMolecularWeightInsulin = data['roughMolecularWeightInsulin']","        percentError = data['percentError']","        ","        print(\"bInsulin: \", bInsulin)","        print(\"aInsulin: \", aInsulin)","        print(\"molecularWeightInsulinActual: \", molecularWeightInsulinActual)","        print(\"The rough molecular weight of insulin: \", roughMolecularWeightInsulin)","        print(\"Percent error: \", percentError)","        ","fileName = \"insulin_data.json\"","readJsonFile(fileName)","","}"],"id":26},{"start":{"row":0,"column":0},"end":{"row":30,"column":1},"action":"insert","lines":["{","   \"molecules\":{","      \"lsInsulin\":\"malwmrllpllallalwgpdpaaa\",","      \"bInsulin\":\"fvnqhlcgshlvealylvcgergffytpkt\",","      \"aInsulin\":\"giveqcctsicslyqlenycn\",","      \"cInsulin\":\"rreaedlqvgqvelgggpgagslqplalegslqkr\"","   },","   \"weights\":{","      \"A\":89.09,","      \"C\":121.16,","      \"D\":133.10,","      \"E\":147.13,","      \"F\":165.19,","      \"G\":75.07,","      \"H\":155.16,","      \"I\":131.17,","      \"K\":146.19,","      \"L\":131.17,","      \"M\":149.21,","      \"N\":132.12,","      \"P\":115.13,","      \"Q\":146.15,","      \"R\":174.20,","      \"S\":105.09,","      \"T\":119.12,","      \"V\":117.15,","      \"W\":204.23,","      \"Y\":181.19","   },","   \"molecularWeightInsulinActual\":5807.63","}"]}],[{"start":{"row":30,"column":1},"end":{"row":31,"column":0},"action":"insert","lines":["",""],"id":28},{"start":{"row":31,"column":0},"end":{"row":32,"column":0},"action":"insert","lines":["",""]}],[{"start":{"row":31,"column":0},"end":{"row":35,"column":15},"action":"insert","lines":["def readJsonFile(fileName):","    data = \"\"","    with open('files/insulin.json') as json_file:","        data = json.load(json_file)","    return data"],"id":29}],[{"start":{"row":14,"column":17},"end":{"row":36,"column":0},"action":"remove","lines":["","      \"I\":131.17,","      \"K\":146.19,","      \"L\":131.17,","      \"M\":149.21,","      \"N\":132.12,","      \"P\":115.13,","      \"Q\":146.15,","      \"R\":174.20,","      \"S\":105.09,","      \"T\":119.12,","      \"V\":117.15,","      \"W\":204.23,","      \"Y\":181.19","   },","   \"molecularWeightInsulinActual\":5807.63","}","def readJsonFile(fileName):","    data = \"\"","    with open('files/insulin.json') as json_file:","        data = json.load(json_file)","    return data",""],"id":30},{"start":{"row":1,"column":0},"end":{"row":23,"column":0},"action":"insert","lines":["","      \"I\":131.17,","      \"K\":146.19,","      \"L\":131.17,","      \"M\":149.21,","      \"N\":132.12,","      \"P\":115.13,","      \"Q\":146.15,","      \"R\":174.20,","      \"S\":105.09,","      \"T\":119.12,","      \"V\":117.15,","      \"W\":204.23,","      \"Y\":181.19","   },","   \"molecularWeightInsulinActual\":5807.63","}","def readJsonFile(fileName):","    data = \"\"","    with open('files/insulin.json') as json_file:","        data = json.load(json_file)","    return data",""]}],[{"start":{"row":0,"column":0},"end":{"row":36,"column":17},"action":"remove","lines":["{","","      \"I\":131.17,","      \"K\":146.19,","      \"L\":131.17,","      \"M\":149.21,","      \"N\":132.12,","      \"P\":115.13,","      \"Q\":146.15,","      \"R\":174.20,","      \"S\":105.09,","      \"T\":119.12,","      \"V\":117.15,","      \"W\":204.23,","      \"Y\":181.19","   },","   \"molecularWeightInsulinActual\":5807.63","}","def readJsonFile(fileName):","    data = \"\"","    with open('files/insulin.json') as json_file:","        data = json.load(json_file)","    return data","   \"molecules\":{","      \"lsInsulin\":\"malwmrllpllallalwgpdpaaa\",","      \"bInsulin\":\"fvnqhlcgshlvealylvcgergffytpkt\",","      \"aInsulin\":\"giveqcctsicslyqlenycn\",","      \"cInsulin\":\"rreaedlqvgqvelgggpgagslqplalegslqkr\"","   },","   \"weights\":{","      \"A\":89.09,","      \"C\":121.16,","      \"D\":133.10,","      \"E\":147.13,","      \"F\":165.19,","      \"G\":75.07,","      \"H\":155.16,"],"id":31},{"start":{"row":0,"column":0},"end":{"row":0,"column":1},"action":"insert","lines":[" "]}]]},"ace":{"folds":[],"scrolltop":0,"scrollleft":0,"selection":{"start":{"row":0,"column":1},"end":{"row":0,"column":1},"isBackwards":false},"options":{"guessTabSize":true,"useWrapMode":false,"wrapToView":true},"firstLineState":0},"timestamp":1675856553805,"hash":"b858cb282617fb0956d960215c8e84d1ccf909c6"}